ids,names
http://www.wikidata.org/entity/Q11020382,Ken Masters
http://www.wikidata.org/entity/Q1103958,Rufus Shinra
http://www.wikidata.org/entity/Q13500542,Rocky Horror
http://www.wikidata.org/entity/Q14174302,Brutus
http://www.wikidata.org/entity/Q14175511,Cecelia
http://www.wikidata.org/entity/Q14175537,Woof
http://www.wikidata.org/entity/Q14329190,Seeder
http://www.wikidata.org/entity/Q14329531,Cinna
http://www.wikidata.org/entity/Q14430425,Claudius Templesmith
http://www.wikidata.org/entity/Q14430462,Seneca Crane
http://www.wikidata.org/entity/Q14431668,Venia
http://www.wikidata.org/entity/Q15903252,Doctor Nefarious
http://www.wikidata.org/entity/Q16238210,Georges Querelle
http://www.wikidata.org/entity/Q1645978,Taylor McKessie
http://www.wikidata.org/entity/Q16594539,Randall Boggs
http://www.wikidata.org/entity/Q16596578,Riff Raff
http://www.wikidata.org/entity/Q16636700,Gideon de Villiers
http://www.wikidata.org/entity/Q16949762,Azamat Bagatov
http://www.wikidata.org/entity/Q2066788,Syrena
http://www.wikidata.org/entity/Q21233588,Non
http://www.wikidata.org/entity/Q24046153,Laufey
http://www.wikidata.org/entity/Q2520136,Hrothgar
http://www.wikidata.org/entity/Q2705382,Kamacuras
http://www.wikidata.org/entity/Q27067868,Hideous Rabbit
http://www.wikidata.org/entity/Q2849152,Andy Osnard
http://www.wikidata.org/entity/Q2907795,Mike Wazowski
http://www.wikidata.org/entity/Q3040877,Ducoboo
http://www.wikidata.org/entity/Q3180600,Johann Kraus
http://www.wikidata.org/entity/Q3268286,Clover
http://www.wikidata.org/entity/Q3294376,Marko Ramius
http://www.wikidata.org/entity/Q3751740,Dr. Frank N. Furter
http://www.wikidata.org/entity/Q3828756,Dee Dee
http://www.wikidata.org/entity/Q3885869,Orihime Soletta
http://www.wikidata.org/entity/Q3989664,The Toxic Avenger
http://www.wikidata.org/entity/Q46148760,Rachel Keller
http://www.wikidata.org/entity/Q4885498,Ben Daimio
http://www.wikidata.org/entity/Q50380089,Chopper
http://www.wikidata.org/entity/Q51079041,Trainman
http://www.wikidata.org/entity/Q51879834,Leah Estrogen
http://www.wikidata.org/entity/Q51879845,Tom Colonic
http://www.wikidata.org/entity/Q537554,Sigurd
http://www.wikidata.org/entity/Q54850974,John Hancock
http://www.wikidata.org/entity/Q56325146,Neomorph
http://www.wikidata.org/entity/Q5795020,Curtis Miller
http://www.wikidata.org/entity/Q59685035,Johnny (The Room)
http://www.wikidata.org/entity/Q616454,SpaceGodzilla
http://www.wikidata.org/entity/Q63761189,Xabinaitor
http://www.wikidata.org/entity/Q64410103,Albert the Magic Pudding
http://www.wikidata.org/entity/Q64876622,Alita
http://www.wikidata.org/entity/Q6849472,Mikey Waters
http://www.wikidata.org/entity/Q6849854,Miki Saegusa
http://www.wikidata.org/entity/Q71691901,Geri
http://www.wikidata.org/entity/Q72163692,Blinky Bill
http://www.wikidata.org/entity/Q7243832,Prince Barin
http://www.wikidata.org/entity/Q7244553,Princess Aura
http://www.wikidata.org/entity/Q7308183,Reggie
http://www.wikidata.org/entity/Q7557037,Solaris
http://www.wikidata.org/entity/Q83195873,Dark Helmet
http://www.wikidata.org/entity/Q9056656,Passel Argente
http://www.wikidata.org/entity/Q93328656,Galen
http://www.wikidata.org/entity/Q9334629,Scratte
http://www.wikidata.org/entity/Q93880301,Captain Sawada
http://www.wikidata.org/entity/Q98551699,Lin
http://www.wikidata.org/entity/Q10321796,Wendy the Good Little Witch
http://www.wikidata.org/entity/Q10336945,Nimue
http://www.wikidata.org/entity/Q105844464,Junior Healy
http://www.wikidata.org/entity/Q107387280,Madelyn Dinkley
http://www.wikidata.org/entity/Q10858749,Ares
http://www.wikidata.org/entity/Q11812247,Dionysus
http://www.wikidata.org/entity/Q1284474,Gabby
http://www.wikidata.org/entity/Q14174498,Wiress
http://www.wikidata.org/entity/Q14174852,Mags
http://www.wikidata.org/entity/Q14175201,Foxface
http://www.wikidata.org/entity/Q14175641,Rue
http://www.wikidata.org/entity/Q14329656,Caesar Flickerman
http://www.wikidata.org/entity/Q14430111,Clove
http://www.wikidata.org/entity/Q14430342,Cato
http://www.wikidata.org/entity/Q14430506,Glimmer
http://www.wikidata.org/entity/Q15961663,Shijuku Tsukishima
http://www.wikidata.org/entity/Q15966747,Seiji Amasawa
http://www.wikidata.org/entity/Q16635911,Gwendolyn Shepherd
http://www.wikidata.org/entity/Q17043438,Virgilia
http://www.wikidata.org/entity/Q18677006,Plavalaguna
http://www.wikidata.org/entity/Q1901282,Vega
http://www.wikidata.org/entity/Q20823456,Hamm
http://www.wikidata.org/entity/Q2300080,E. Honda
http://www.wikidata.org/entity/Q2300110,Blanka
http://www.wikidata.org/entity/Q2320050,Nemesis
http://www.wikidata.org/entity/Q23572436,Jace Herondale
http://www.wikidata.org/entity/Q24049994,Lady Sif
http://www.wikidata.org/entity/Q2569985,Johan Anderson
http://www.wikidata.org/entity/Q2731177,Gonzo the Great
http://www.wikidata.org/entity/Q2838212,Frederick Chilton
http://www.wikidata.org/entity/Q3160045,James P. Sullivan
http://www.wikidata.org/entity/Q383759,Dhalsim
http://www.wikidata.org/entity/Q4533085,Pat
http://www.wikidata.org/entity/Q47539780,Mr. Universe
http://www.wikidata.org/entity/Q48731689,Rose Tico
http://www.wikidata.org/entity/Q5893038,Haymitch Abernathy
http://www.wikidata.org/entity/Q62995912,Jumbo Jr
http://www.wikidata.org/entity/Q63063278,La Sirenita
http://www.wikidata.org/entity/Q63438863,The Stranger
http://www.wikidata.org/entity/Q64876636,Baba Yaga
http://www.wikidata.org/entity/Q65510149,Clary Fray
http://www.wikidata.org/entity/Q682313,Toma Kamijo
http://www.wikidata.org/entity/Q70759950,Filby
http://www.wikidata.org/entity/Q742181,Sagat
http://www.wikidata.org/entity/Q76886765,Lone Starr
http://www.wikidata.org/entity/Q76886851,Vespa
http://www.wikidata.org/entity/Q83386677,Roland
http://www.wikidata.org/entity/Q83387040,Barf
http://www.wikidata.org/entity/Q83387160,Yogurt
http://www.wikidata.org/entity/Q83387203,Valium
http://www.wikidata.org/entity/Q8964731,ALF
http://www.wikidata.org/entity/Q93861249,Oga
http://www.wikidata.org/entity/Q93882558,Zoug
http://www.wikidata.org/entity/Q93883807,Aba
http://www.wikidata.org/entity/Q93883996,Ona
http://www.wikidata.org/entity/Q93885721,Dorv
http://www.wikidata.org/entity/Q97016491,Dee Dee Skyes
http://www.wikidata.org/entity/Q97516200,Brigitte Fitzgerald
http://www.wikidata.org/entity/Q99477435,Amber Moore
http://www.wikidata.org/entity/Q107015335,Blue Falcon
http://www.wikidata.org/entity/Q14166042,Cashmere
http://www.wikidata.org/entity/Q14174432,Beetee
http://www.wikidata.org/entity/Q14175717,Marvel
http://www.wikidata.org/entity/Q1423458,Mothra
http://www.wikidata.org/entity/Q14430796,Thresh
http://www.wikidata.org/entity/Q14905943,Fat Lady
http://www.wikidata.org/entity/Q1654171,Kitana
http://www.wikidata.org/entity/Q2327711,Geriatrix
http://www.wikidata.org/entity/Q2715128,Londo Mollari
http://www.wikidata.org/entity/Q3182850,Johnny 5
http://www.wikidata.org/entity/Q3267424,Gort
http://www.wikidata.org/entity/Q3306847,G'Kar
http://www.wikidata.org/entity/Q43024500,Unikitty
http://www.wikidata.org/entity/Q547612,Mera
http://www.wikidata.org/entity/Q601244,Guile
http://www.wikidata.org/entity/Q61996851,Vina
http://www.wikidata.org/entity/Q65016702,Korrd
http://www.wikidata.org/entity/Q74183885,Mingojerry Rample
http://www.wikidata.org/entity/Q83386675,Skroob
http://www.wikidata.org/entity/Q83985013,Krang
http://www.wikidata.org/entity/Q850685,Bucky
http://www.wikidata.org/entity/Q937394,Thufir Hawat
http://www.wikidata.org/entity/Q93859608,Uba
http://www.wikidata.org/entity/Q93861220,Brac
http://www.wikidata.org/entity/Q93861221,Grev
http://www.wikidata.org/entity/Q93883799,Goov
http://www.wikidata.org/entity/Q93883800,Droog
http://www.wikidata.org/entity/Q93884063,Groob
http://www.wikidata.org/entity/Q93885718,Borg
http://www.wikidata.org/entity/Q93885723,Crug
http://www.wikidata.org/entity/Q93885727,Igra
http://www.wikidata.org/entity/Q103556075,Simon Mollison
http://www.wikidata.org/entity/Q103557172,Maggie Mollison
http://www.wikidata.org/entity/Q104532755,Pamela Isley
http://www.wikidata.org/entity/Q14165982,Gloss
http://www.wikidata.org/entity/Q14166334,Johanna Mason
http://www.wikidata.org/entity/Q14432000,Mrs. Everdeen
http://www.wikidata.org/entity/Q16182993,Kaworu Nagisa
http://www.wikidata.org/entity/Q16547774,Tinker Sawyer
http://www.wikidata.org/entity/Q20743152,Mees Kees
http://www.wikidata.org/entity/Q21043003,Hugo
http://www.wikidata.org/entity/Q2215492,Ferb Fletcher
http://www.wikidata.org/entity/Q24022584,Vision
http://www.wikidata.org/entity/Q2566445,Ayla
http://www.wikidata.org/entity/Q3439796,King Triton
http://www.wikidata.org/entity/Q3754109,Fujiko Mine
http://www.wikidata.org/entity/Q37983509,Dreus
http://www.wikidata.org/entity/Q42650984,Alana
http://www.wikidata.org/entity/Q76802913,Ch’rell
http://www.wikidata.org/entity/Q899262,Michael Novotny
http://www.wikidata.org/entity/Q93852790,Creb
http://www.wikidata.org/entity/Q93858488,Ebra
http://www.wikidata.org/entity/Q93861257,Uka
http://www.wikidata.org/entity/Q93861679,Ovra
http://www.wikidata.org/entity/Q93882559,Grod
http://www.wikidata.org/entity/Q93883802,Vorn
http://www.wikidata.org/entity/Q93885725,Ika
http://www.wikidata.org/entity/Q206818,Gimli
http://www.wikidata.org/entity/Q28466647,Maik Klingenberg
http://www.wikidata.org/entity/Q302186,Beast
http://www.wikidata.org/entity/Q3817383,Frank Poole
http://www.wikidata.org/entity/Q93843595,Iza
http://www.wikidata.org/entity/Q93857241,Brun
http://www.wikidata.org/entity/Q93861223,Durc
http://www.wikidata.org/entity/Q93883805,Aga
http://www.wikidata.org/entity/Q10322723,Macbeth
http://www.wikidata.org/entity/Q1470558,King Ghidorah
http://www.wikidata.org/entity/Q1083020,Scrappy-Doo
http://www.wikidata.org/entity/Q206018,Arwen
http://www.wikidata.org/entity/Q907767,Doctor Strange
http://www.wikidata.org/entity/Q93859177,Broud
http://www.wikidata.org/entity/Q15141696,Twilight Sparkle
http://www.wikidata.org/entity/Q51766,Darth Maul
http://www.wikidata.org/entity/Q64825451,Thanos
http://www.wikidata.org/entity/Q1568510,Number One
http://www.wikidata.org/entity/Q79037,Spider-Man
